File:Wiki banner-1.jpg;307;http://www.seeedstudio.com/wiki/File:Wiki_banner-1.jpg
Getting Started with Seeeduino;1,771;http://www.seeedstudio.com/wiki/Getting_Started_with_Seeeduino
Download Arduino and install Arduino driver;1,030;http://www.seeedstudio.com/wiki/Download_Arduino_and_install_Arduino_driver
How to install Arduino Library;828;http://www.seeedstudio.com/wiki/How_to_install_Arduino_Library
Microcontrollers introduction;762;http://www.seeedstudio.com/wiki/Microcontrollers_introduction
A Handy Serial Library;465;http://www.seeedstudio.com/wiki/A_Handy_Serial_Library
Arduino Common Error;431;http://www.seeedstudio.com/wiki/Arduino_Common_Error
How to choose A Gas Sensor;581;http://www.seeedstudio.com/wiki/How_to_choose_A_Gas_Sensor
How To Choose The Right Cable;370;http://www.seeedstudio.com/wiki/How_To_Choose_The_Right_Cable
How to use and write a library;376;http://www.seeedstudio.com/wiki/How_to_use_and_write_a_library
How To Use Sketchbook;427;http://www.seeedstudio.com/wiki/How_To_Use_Sketchbook
I2C And I2C Address of Seeed Product;154;http://www.seeedstudio.com/wiki/I2C_And_I2C_Address_of_Seeed_Product
Use External Editor;331;http://www.seeedstudio.com/wiki/Use_External_Editor
Where is Main Function;265;http://www.seeedstudio.com/wiki/Where_is_Main_Function
Bugduino;3,618;http://www.seeedstudio.com/wiki/Bugduino
Clio Main Board;6,024;http://www.seeedstudio.com/wiki/Clio_Main_Board
MilCandy;5,143;http://www.seeedstudio.com/wiki/MilCandy
Rainbowduino LED driver platform - Atmega 328;11,148;http://www.seeedstudio.com/wiki/Rainbowduino_LED_driver_platform_-_Atmega_328
Seeeduino ADK Main Board;58,151;http://www.seeedstudio.com/wiki/Seeeduino_ADK_Main_Board
Seeeduino Ethernet;9,452;http://www.seeedstudio.com/wiki/Seeeduino_Ethernet
Seeeduino Lite;3,365;http://www.seeedstudio.com/wiki/Seeeduino_Lite
Seeeduino Mega;56,040;http://www.seeedstudio.com/wiki/Seeeduino_Mega
Seeeduino Stalker;60,811;http://www.seeedstudio.com/wiki/Seeeduino_Stalker
Seeeduino v3.0;27,745;http://www.seeedstudio.com/wiki/Seeeduino_v3.0
Bees Shield;14,619;http://www.seeedstudio.com/wiki/Bees_Shield
Bluetooth Shield;111,201;http://www.seeedstudio.com/wiki/Bluetooth_Shield
E-ink Display Shield;17,895;http://www.seeedstudio.com/wiki/E-ink_Display_Shield
Energy Shield;6,947;http://www.seeedstudio.com/wiki/Energy_Shield
Ethernet Shield;10,169;http://www.seeedstudio.com/wiki/Ethernet_Shield
GPRS Shield;27,599;http://www.seeedstudio.com/wiki/GPRS_Shield
Grove - Base Shield;12,100;http://www.seeedstudio.com/wiki/Grove_-_Base_Shield
Grove - Base Shield for IOIO-OTG;552;http://www.seeedstudio.com/wiki/Grove_-_Base_Shield_for_IOIO-OTG
Grove - Mega Shield;9,572;http://www.seeedstudio.com/wiki/Grove_-_Mega_Shield
Motor Shield;20,789;http://www.seeedstudio.com/wiki/Motor_Shield
Music Shield;20,980;http://www.seeedstudio.com/wiki/Music_Shield
NFC Shield;35,579;http://www.seeedstudio.com/wiki/NFC_Shield
Protoshield Kit for Arduino;18,473;http://www.seeedstudio.com/wiki/Protoshield_Kit_for_Arduino
Relay Shield;34,875;http://www.seeedstudio.com/wiki/Relay_Shield
SD Card Shield;12,848;http://www.seeedstudio.com/wiki/SD_Card_Shield
Seeeduino Mega Protoshield Kit;6,481;http://www.seeedstudio.com/wiki/Seeeduino_Mega_Protoshield_Kit
Shield Bot;7,752;http://www.seeedstudio.com/wiki/Shield_Bot
TFT Touch Shield;2,293;http://www.seeedstudio.com/wiki/TFT_Touch_Shield
Wifi Shield V1.0;14,831;http://www.seeedstudio.com/wiki/Wifi_Shield
XBee Shield;1,102;http://www.seeedstudio.com/wiki/XBee_Shield
Grove - 3-Axis Analog Accelerometer;6,002;http://www.seeedstudio.com/wiki/Grove_-_3-Axis_Analog_Accelerometer
CUI32Stem Grove Dash Kit;1,412;http://www.seeedstudio.com/wiki/CUI32Stem_Grove_Dash_Kit
Dragrove - Generic gateway for internet of things;15,240;http://www.seeedstudio.com/wiki/Dragrove_-_Generic_gateway_for_internet_of_things
Grove - 125KHz RFID Reader;14,593;http://www.seeedstudio.com/wiki/Grove_-_125KHz_RFID_Reader
Grove - 2-Coil Latching Relay;2,627;http://www.seeedstudio.com/wiki/Grove_-_2-Coil_Latching_Relay
Grove - 3-Axis Digital Accelerometer(1.5g);21,286;http://www.seeedstudio.com/wiki/Grove_-_3-Axis_Digital_Accelerometer(%C2%B11.5g)
Grove - 3-Axis Digital Accelerometer(16g);11,784;http://www.seeedstudio.com/wiki/Grove_-_3-Axis_Digital_Accelerometer(%C2%B116g)
Grove - 315MHz Simple RF Link Kit;186;http://www.seeedstudio.com/wiki/Grove_-_315MHz_Simple_RF_link_kit
Grove - 3-Axis Digital Compass;15,529;http://www.seeedstudio.com/wiki/Grove_-_3-Axis_Digital_Compass
Grove - 3-Axis Digital Gyro;18,787;http://www.seeedstudio.com/wiki/Grove_-_3-Axis_Digital_Gyro
Grove - 433MHz Simple RF Link Kit;18,008;http://www.seeedstudio.com/wiki/Grove_-_433MHz_Simple_RF_link_kit
Grove - 4-Digit Display;11,066;http://www.seeedstudio.com/wiki/Grove_-_4-Digit_Display
Grove - 6-Axis Accelerometer&amp;Compass;1,783;http://www.seeedstudio.com/wiki/Grove_-_6-Axis_Accelerometer%26Compass
Grove - 80cm Infrared Proximity Sensor;10,726;http://www.seeedstudio.com/wiki/Grove_-_80cm_Infrared_Proximity_Sensor
Grove - Air Quality Sensor;18,348;http://www.seeedstudio.com/wiki/Grove_-_Air_Quality_Sensor
Grove - Alcohol Sensor;22,331;http://www.seeedstudio.com/wiki/Grove_-_Alcohol_Sensor
Grove - Barometer Sensor;9,189;http://www.seeedstudio.com/wiki/Grove_-_Barometer_Sensor
Grove - Bee Socket;1,435;http://www.seeedstudio.com/wiki/Grove_-_Bee_Socket
Grove - BlinkM;3,334;http://www.seeedstudio.com/wiki/Grove_-_BlinkM
Grove - Button;1,701;http://www.seeedstudio.com/wiki/Grove_-_Button
Grove - Buzzer;1,338;http://www.seeedstudio.com/wiki/Grove_-_Buzzer
Grove - Chainable RGB LED;17,469;http://www.seeedstudio.com/wiki/Grove_-_Chainable_RGB_LED
Grove - Chest Strap Heart Rate Sensor;10,489;http://www.seeedstudio.com/wiki/Grove_-_Chest_Strap_Heart_Rate_Sensor
Grove - Circular LED;2,997;http://www.seeedstudio.com/wiki/Grove_-_Circular_LED
Grove - Collision Sensor;4,474;http://www.seeedstudio.com/wiki/Grove_-_Collision_Sensor
Grove - Differential Amplifier;2,657;http://www.seeedstudio.com/wiki/Grove_-_Differential_Amplifier
Grove - Digital Light Sensor;6,931;http://www.seeedstudio.com/wiki/Grove_-_Digital_Light_Sensor
Grove - DMX512;1,635;http://www.seeedstudio.com/wiki/Grove_-_DMX512
Grove - Dry-Reed Relay;1,839;http://www.seeedstudio.com/wiki/Grove_-_Dry-Reed_Relay
Grove - Ear-clip Heart Rate Sensor;9,880;http://www.seeedstudio.com/wiki/Grove_-_Ear-clip_Heart_Rate_Sensor
Grove - Electricity Sensor;25,688;http://www.seeedstudio.com/wiki/Grove_-_Electricity_Sensor
Grove - Encoder;3,190;http://www.seeedstudio.com/wiki/Grove_-_Encoder
Grove - Fingerprint Sensor;3,938;http://www.seeedstudio.com/wiki/Grove_-_Fingerprint_Sensor
Grove - Flame Sensor;1,956;http://www.seeedstudio.com/wiki/Grove_-_Flame_Sensor
Grove - Gas Sensor;3,915;http://www.seeedstudio.com/wiki/Grove_-_Gas_Sensor
Grove - Gas Sensor(O);1,435;http://www.seeedstudio.com/wiki/Grove_-_Gas_Sensor(O%E2%82%82)
Grove - GPS;12,957;http://www.seeedstudio.com/wiki/Grove_-_GPS
Grove - I2C ADC;2,260;http://www.seeedstudio.com/wiki/Grove_-_I2C_ADC
Grove - I2C Color Sensor;12,600;http://www.seeedstudio.com/wiki/Grove_-_I2C_Color_Sensor
Grove - I2C Hub;7,458;http://www.seeedstudio.com/wiki/Grove_-_I2C_Hub
Grove - I2C Touch Sensor;22,105;http://www.seeedstudio.com/wiki/Grove_-_I2C_Touch_Sensor
Grove - Infrared Emitter;9,690;http://www.seeedstudio.com/wiki/Grove_-_Infrared_Emitter
Grove - Infrared Receiver;8,915;http://www.seeedstudio.com/wiki/Grove_-_Infrared_Receiver
Grove - Infrared Reflective Sensor;9,899;http://www.seeedstudio.com/wiki/Grove_-_Infrared_Reflective_Sensor
Grove - Infrared Temperature Sensor;10,592;http://www.seeedstudio.com/wiki/Grove_-_Infrared_Temperature_Sensor
Grove - IR Distance Interrupter;1,362;http://www.seeedstudio.com/wiki/Grove_-_IR_Distance_Interrupter
Grove - LED Socket Kit;4,674;http://www.seeedstudio.com/wiki/Grove_-_LED
Grove - LED Bar;9,936;http://www.seeedstudio.com/wiki/Grove_-_LED_Bar
Grove - LED Strip Driver;13,181;http://www.seeedstudio.com/wiki/Grove_-_LED_Strip_Driver
Grove - Light Sensor;25,386;http://www.seeedstudio.com/wiki/Grove_-_Light_Sensor
Grove - Line Finder;9,494;http://www.seeedstudio.com/wiki/Grove_-_Line_Finder
Grove - Loudness Sensor;2,238;http://www.seeedstudio.com/wiki/Grove_-_Loudness_Sensor
Grove - Magnetic switch;182;http://www.seeedstudio.com/wiki/Grove_-_Magnetic_switch
Grove - Mini Camera;2,235;http://www.seeedstudio.com/wiki/Grove_-_Mini_Camera
Grove - Moisture sensor;311;http://www.seeedstudio.com/wiki/Grove_-_Moisture_sensor
Grove - Nunchuck;252;http://www.seeedstudio.com/wiki/Grove_-_Nunchuck
Grove - OLED Display 96*96;15,316;http://www.seeedstudio.com/wiki/Grove_-_OLED_96x96
Grove - OLED Display 128*64;23,364;http://www.seeedstudio.com/wiki/Grove_-_OLED_Display_128*64
Grove - PH Sensor;2,022;http://www.seeedstudio.com/wiki/Grove_-_PH_Sensor
Grove - Piezo Vibration Sensor;3,341;http://www.seeedstudio.com/wiki/Grove_-_Piezo_Vibration_Sensor
Grove - PIR Motion Sensor;23,662;http://www.seeedstudio.com/wiki/Grove_-_PIR_Motion_Sensor
Grove - Relay;3,412;http://www.seeedstudio.com/wiki/Grove_-_Relay
Grove - RJ45 Adapter;1,549;http://www.seeedstudio.com/wiki/Grove_-_RJ45_Adapter
Grove - Rotary Angle Sensor;1,385;http://www.seeedstudio.com/wiki/Grove_-_Rotary_Angle_Sensor
Grove - RTC;27,125;http://www.seeedstudio.com/wiki/Grove_-_RTC
Grove - Screw Terminal;2,300;http://www.seeedstudio.com/wiki/Grove_-_Screw_Terminal
Grove - Serial Bluetooth;26,473;http://www.seeedstudio.com/wiki/Grove_-_Serial_Bluetooth
Grove - Serial LCD;38,261;http://www.seeedstudio.com/wiki/Grove_-_Serial_LCD
Grove  Serial MP3 Player;2,069;http://www.seeedstudio.com/wiki/Grove_%E2%80%93_Serial_MP3_Player
Grove - Serial RF Pro;15,454;http://www.seeedstudio.com/wiki/Grove_-_Serial_RF_Pro
Grove - Single Axis Analog Gyro;1,839;http://www.seeedstudio.com/wiki/Grove_-_Single_Axis_Analog_Gyro
Grove - Slide Potentiometer;5,489;http://www.seeedstudio.com/wiki/Grove_-_Slide_Potentiometer
Grove - Solid State Relay;3,026;http://www.seeedstudio.com/wiki/Grove_-_Solid_State_Relay
Grove - Sound Sensor;30,204;http://www.seeedstudio.com/wiki/Grove_-_Sound_Sensor
Grove - SPDT Relay(30A);1,814;http://www.seeedstudio.com/wiki/Grove_-_SPDT_Relay(30A)
Grove - Speaker;2,446;http://www.seeedstudio.com/wiki/Grove_-_Speaker
Grove - Starter Kit;3,188;http://www.seeedstudio.com/wiki/Grove_-_Starter_Kit
Grove - Starter Kit Plus;3,274;http://www.seeedstudio.com/wiki/Grove_-_Starter_Kit_Plus
Grove - Switch(P);807;http://www.seeedstudio.com/wiki/Grove_-_Switch(P)
Grove - Serial Camera Kit;1,178;http://www.seeedstudio.com/wiki/Grove_-_Serial_Camera_Kit
Grove- Temperature and Humidity Sensor;16,577;http://www.seeedstudio.com/wiki/Grove_-_Temperature_and_Humidity_Sensor
Grove - Temperature Sensor;3,242;http://www.seeedstudio.com/wiki/Grove_-_Temperature_Sensor
Grove - Temperature and Humidity Sensor Pro;26,061;http://www.seeedstudio.com/wiki/Grove_-_Temperature_and_Humidity_Sensor_Pro
Grove - Tilt Switch;1,287;http://www.seeedstudio.com/wiki/Grove_-_Tilt_Switch
Grove - Touch Sensor;12,872;http://www.seeedstudio.com/wiki/Grove_-_Touch_Sensor
Grove - Toy Kit;10,816;http://www.seeedstudio.com/wiki/Grove_-_Toy_Kit
Grove - Ultrasonic Ranger;12,991;http://www.seeedstudio.com/wiki/Grove_-_Ultrasonic_Ranger
Grove - UV Sensor;2,438;http://www.seeedstudio.com/wiki/Grove_-_UV_Sensor
Grove - Variable Color LED;3,136;http://www.seeedstudio.com/wiki/Grove_-_Variable_Color_LED
Grove - Vibration Motor;5,308;http://www.seeedstudio.com/wiki/Grove_-_Vibrator
Grove - Voltage Divider;1,745;http://www.seeedstudio.com/wiki/Grove_-_Voltage_Divider
Grove - Water Sensor;23,723;http://www.seeedstudio.com/wiki/Grove_-_Water_Sensor
315Mhz RF link kit;17,507;http://www.seeedstudio.com/wiki/315Mhz_RF_link_kit
315MHz Simple RF Link Kit;3,035;http://www.seeedstudio.com/wiki/315MHz_Simple_RF_Link_Kit
433Mhz RF link kit;45,212;http://www.seeedstudio.com/wiki/433Mhz_RF_link_kit
ARDX;1,708;http://www.seeedstudio.com/wiki/ARDX
Bus Pirate probe kit;2,072;http://www.seeedstudio.com/wiki/Bus_Pirate_probe_kit
Electronic Brick Starter Kit;12,333;http://www.seeedstudio.com/wiki/Electronic_Brick_Starter_Kit
Freeduino USB complete Kit;12,374;http://www.seeedstudio.com/wiki/Freeduino_USB_complete_Kit
Harness for Arduino Mega/Arduino/seeeduino Kit;2,071;http://www.seeedstudio.com/wiki/Harness_for_Arduino_Mega/Arduino/seeeduino_Kit
Orbshield v1.0 Kit;4,068;http://www.seeedstudio.com/wiki/Orbshield_v1.0_Kit
Protoshield Kit for Arduino;18,474;http://www.seeedstudio.com/wiki/Protoshield_Kit_for_Arduino
Seeeduino Mega Protoshield Kit;6,482;http://www.seeedstudio.com/wiki/Seeeduino_Mega_Protoshield_Kit
Tick Tock Shield Kit;5,734;http://www.seeedstudio.com/wiki/Tick_Tock_Shield_Kit
Usnoobie Kit;9,003;http://www.seeedstudio.com/wiki/Usnoobie_Kit
Windbelt Kit;11,199;http://www.seeedstudio.com/wiki/Windbelt_Kit
Xadow 3-Axis Accelerometer;958;http://www.seeedstudio.com/wiki/Xadow_3-Axis_Accelerometer
Xadow Barometer;1,066;http://www.seeedstudio.com/wiki/Xadow_Barometer
Xadow BLE Slave;2,187;http://www.seeedstudio.com/wiki/Xadow_BLE_Slave
Xadow Breakout;980;http://www.seeedstudio.com/wiki/Xadow_Breakout
Xadow Buzzer;642;http://www.seeedstudio.com/wiki/Xadow_Buzzer
Xadow Compass;528;http://www.seeedstudio.com/wiki/Xadow_Compass
Xadow GPS;1,001;http://www.seeedstudio.com/wiki/Xadow_GPS
Xadow Grove Adaptor;255;http://www.seeedstudio.com/wiki/Xadow_Grove_Adaptor
Xadow IMU 6DOF;104;http://www.seeedstudio.com/wiki/Xadow_IMU_6DOF
Xadow LED 5X7;1,138;http://www.seeedstudio.com/wiki/Xadow_LED_5X7
Xadow Main Board;3,751;http://www.seeedstudio.com/wiki/Xadow_Main_Board
Xadow Motor Driver;433;http://www.seeedstudio.com/wiki/Xadow_Motor_Driver
Xadow NFC;1,002;http://www.seeedstudio.com/wiki/Xadow_NFC
Xadow OLED;2,233;http://www.seeedstudio.com/wiki/Xadow_OLED
Xadow RTC;1,050;http://www.seeedstudio.com/wiki/Xadow_RTC
Xadow Storage;593;http://www.seeedstudio.com/wiki/Xadow_Storage
Xadow UV Sensor;721;http://www.seeedstudio.com/wiki/Xadow_UV_Sensor
Xadow Vibrator Motor;1,152;http://www.seeedstudio.com/wiki/Xadow_Vibrator_Motor
Arch GPRS;1,075;http://www.seeedstudio.com/wiki/Arch_GPRS
Arch Pro;183;http://www.seeedstudio.com/wiki/Arch_Pro
Mbed Shield;1,962;http://www.seeedstudio.com/wiki/Mbed_Shield
Seeeduino Arch;3,005;http://www.seeedstudio.com/wiki/Seeeduino_Arch
Log in / create account;Log in / create account;Main Page;845,852;http://www.seeedstudio.com/wiki/Main_Page
Talk:Main Page;7,104;http://www.seeedstudio.com/wiki/Talk:Main_Page
Talk:Main Page;7,105;http://www.seeedstudio.com/wiki/Talk:Main_Page
Main Page;845,853;http://www.seeedstudio.com/wiki/Main_Page
View source for Main Page;Revision history of "Main Page";Main Page;845,854;http://www.seeedstudio.com/wiki/Main_Page
Main Page;845,855;http://www.seeedstudio.com/wiki/index.php?title=Main_Page#Getting_Started
Main Page;845,856;http://www.seeedstudio.com/wiki/index.php?title=Main_Page#Learning
Main Page;845,857;http://www.seeedstudio.com/wiki/index.php?title=Main_Page#Product
Main Page;845,858;http://www.seeedstudio.com/wiki/index.php?title=Main_Page#Arduino
Main Page;845,859;http://www.seeedstudio.com/wiki/index.php?title=Main_Page#Shield
Main Page;845,860;http://www.seeedstudio.com/wiki/index.php?title=Main_Page#Grove
Main Page;845,861;http://www.seeedstudio.com/wiki/index.php?title=Main_Page#Kit
Main Page;845,862;http://www.seeedstudio.com/wiki/index.php?title=Main_Page#Xadow
Main Page;845,863;http://www.seeedstudio.com/wiki/index.php?title=Main_Page#Mbed
Pages that link to "Main Page";Changes related to "Main Page";Special pages;Main Page;845,865;http://www.seeedstudio.com/wiki/index.php?title=Main_Page&printable=yes
Main Page;845,866;http://www.seeedstudio.com/wiki/index.php?title=Main_Page&oldid=46242
Wiki:About;84,525;http://www.seeedstudio.com/wiki/Wiki:About
Wiki:General disclaimer;15,478;http://www.seeedstudio.com/wiki/Wiki:General_disclaimer
