Getting Started with Seeeduino;1,768;http://www.seeedstudio.com/wiki/Getting_Started_with_Seeeduino
GPRS Shield;27,595;http://www.seeedstudio.com/wiki/GPRS_Shield
Grove - Base Shield;12,098;http://www.seeedstudio.com/wiki/Grove_-_Base_Shield
Grove - Base Shield for IOIO-OTG;550;http://www.seeedstudio.com/wiki/Grove_-_Base_Shield_for_IOIO-OTG
Grove - Mega Shield;9,570;http://www.seeedstudio.com/wiki/Grove_-_Mega_Shield
Grove - 3-Axis Analog Accelerometer;6,000;http://www.seeedstudio.com/wiki/Grove_-_3-Axis_Analog_Accelerometer
Grove - 125KHz RFID Reader;14,590;http://www.seeedstudio.com/wiki/Grove_-_125KHz_RFID_Reader
Grove - 2-Coil Latching Relay;2,622;http://www.seeedstudio.com/wiki/Grove_-_2-Coil_Latching_Relay
Grove - 3-Axis Digital Accelerometer(1.5g);21,284;http://www.seeedstudio.com/wiki/Grove_-_3-Axis_Digital_Accelerometer(%C2%B11.5g)
Grove - 3-Axis Digital Accelerometer(16g);11,781;http://www.seeedstudio.com/wiki/Grove_-_3-Axis_Digital_Accelerometer(%C2%B116g)
Grove - 315MHz Simple RF Link Kit;184;http://www.seeedstudio.com/wiki/Grove_-_315MHz_Simple_RF_link_kit
Grove - 3-Axis Digital Compass;15,527;http://www.seeedstudio.com/wiki/Grove_-_3-Axis_Digital_Compass
Grove - 3-Axis Digital Gyro;18,785;http://www.seeedstudio.com/wiki/Grove_-_3-Axis_Digital_Gyro
Grove - 433MHz Simple RF Link Kit;18,005;http://www.seeedstudio.com/wiki/Grove_-_433MHz_Simple_RF_link_kit
Grove - 4-Digit Display;11,063;http://www.seeedstudio.com/wiki/Grove_-_4-Digit_Display
Grove - 6-Axis Accelerometer&amp;Compass;1,780;http://www.seeedstudio.com/wiki/Grove_-_6-Axis_Accelerometer%26Compass
Grove - 80cm Infrared Proximity Sensor;10,724;http://www.seeedstudio.com/wiki/Grove_-_80cm_Infrared_Proximity_Sensor
Grove - Air Quality Sensor;18,345;http://www.seeedstudio.com/wiki/Grove_-_Air_Quality_Sensor
Grove - Alcohol Sensor;22,329;http://www.seeedstudio.com/wiki/Grove_-_Alcohol_Sensor
Grove - Barometer Sensor;9,185;http://www.seeedstudio.com/wiki/Grove_-_Barometer_Sensor
Grove - Bee Socket;1,433;http://www.seeedstudio.com/wiki/Grove_-_Bee_Socket
Grove - BlinkM;3,332;http://www.seeedstudio.com/wiki/Grove_-_BlinkM
Grove - Button;1,698;http://www.seeedstudio.com/wiki/Grove_-_Button
Grove - Buzzer;1,336;http://www.seeedstudio.com/wiki/Grove_-_Buzzer
Grove - Chainable RGB LED;17,437;http://www.seeedstudio.com/wiki/Grove_-_Chainable_RGB_LED
Grove - Chest Strap Heart Rate Sensor;10,487;http://www.seeedstudio.com/wiki/Grove_-_Chest_Strap_Heart_Rate_Sensor
Grove - Circular LED;2,995;http://www.seeedstudio.com/wiki/Grove_-_Circular_LED
Grove - Collision Sensor;4,472;http://www.seeedstudio.com/wiki/Grove_-_Collision_Sensor
Grove - Differential Amplifier;2,655;http://www.seeedstudio.com/wiki/Grove_-_Differential_Amplifier
Grove - Digital Light Sensor;6,929;http://www.seeedstudio.com/wiki/Grove_-_Digital_Light_Sensor
Grove - DMX512;1,633;http://www.seeedstudio.com/wiki/Grove_-_DMX512
Grove - Dry-Reed Relay;1,837;http://www.seeedstudio.com/wiki/Grove_-_Dry-Reed_Relay
Grove - Ear-clip Heart Rate Sensor;9,878;http://www.seeedstudio.com/wiki/Grove_-_Ear-clip_Heart_Rate_Sensor
Grove - Electricity Sensor;25,685;http://www.seeedstudio.com/wiki/Grove_-_Electricity_Sensor
Grove - Encoder;3,188;http://www.seeedstudio.com/wiki/Grove_-_Encoder
Grove - Fingerprint Sensor;3,936;http://www.seeedstudio.com/wiki/Grove_-_Fingerprint_Sensor
Grove - Flame Sensor;1,954;http://www.seeedstudio.com/wiki/Grove_-_Flame_Sensor
Grove - Gas Sensor;3,913;http://www.seeedstudio.com/wiki/Grove_-_Gas_Sensor
Grove - Gas Sensor(O);1,433;http://www.seeedstudio.com/wiki/Grove_-_Gas_Sensor(O%E2%82%82)
Grove - GPS;12,955;http://www.seeedstudio.com/wiki/Grove_-_GPS
Grove - I2C ADC;2,258;http://www.seeedstudio.com/wiki/Grove_-_I2C_ADC
Grove - I2C Color Sensor;12,598;http://www.seeedstudio.com/wiki/Grove_-_I2C_Color_Sensor
Grove - I2C Hub;7,456;http://www.seeedstudio.com/wiki/Grove_-_I2C_Hub
Grove - I2C Touch Sensor;22,100;http://www.seeedstudio.com/wiki/Grove_-_I2C_Touch_Sensor
Grove - Infrared Emitter;9,688;http://www.seeedstudio.com/wiki/Grove_-_Infrared_Emitter
Grove - Infrared Receiver;8,913;http://www.seeedstudio.com/wiki/Grove_-_Infrared_Receiver
Grove - Infrared Reflective Sensor;9,896;http://www.seeedstudio.com/wiki/Grove_-_Infrared_Reflective_Sensor
Grove - Infrared Temperature Sensor;10,587;http://www.seeedstudio.com/wiki/Grove_-_Infrared_Temperature_Sensor
Grove - IR Distance Interrupter;1,360;http://www.seeedstudio.com/wiki/Grove_-_IR_Distance_Interrupter
Grove - LED Socket Kit;4,672;http://www.seeedstudio.com/wiki/Grove_-_LED
Grove - LED Bar;9,932;http://www.seeedstudio.com/wiki/Grove_-_LED_Bar
Grove - LED Strip Driver;13,179;http://www.seeedstudio.com/wiki/Grove_-_LED_Strip_Driver
Grove - Light Sensor;25,382;http://www.seeedstudio.com/wiki/Grove_-_Light_Sensor
Grove - Line Finder;9,490;http://www.seeedstudio.com/wiki/Grove_-_Line_Finder
Grove - Loudness Sensor;2,236;http://www.seeedstudio.com/wiki/Grove_-_Loudness_Sensor
Grove - Magnetic switch;180;http://www.seeedstudio.com/wiki/Grove_-_Magnetic_switch
Grove - Mini Camera;2,233;http://www.seeedstudio.com/wiki/Grove_-_Mini_Camera
Grove - Moisture sensor;309;http://www.seeedstudio.com/wiki/Grove_-_Moisture_sensor
Grove - Nunchuck;250;http://www.seeedstudio.com/wiki/Grove_-_Nunchuck
Grove - OLED Display 96*96;15,314;http://www.seeedstudio.com/wiki/Grove_-_OLED_96x96
